{
	"locations": [
		{
			"name": "Bhana Brothers Fruiterers",
			"address": "129 Ponsonby Road, Ponsonby",
			"region": "Auckland",
			"phone": "09 3765329"
		},
		{
			"name": "Greenways Pure Fruit Juices",
			"address": "16 Wayside Rd, Waikato, New Zealand",
			"region": "Waikato",
			"phone": "07 826 3674"
		},
		{
			"name": "Bulk Food Savings",
			"address": "3/217 Dominion Road, Mt Eden, Auckland",
			"region": "Auckland",
			"phone": "09 6306235"
		},
		{
			"name": "Food For Thought",
			"address": "69 Ruataniwha Street, Waipukurao",
			"region": "Auckland",
			"phone": "06 8588 908"
		},
		{
			"name": "Gilmours - Hamilton",
			"address": "13 Simsey Place, Te Rapa",
			"region": "Auckland",
			"phone": "09 6210600"
		},
		{
			"name": "Gilmours - Henderson",
			"address": "Gilmours Henderson, 133 Central Park Drive",
			"region": "Auckland",
			"phone": "09 6210600"
		},
		{
			"name": "Gilmours - North Shore",
			"address": "Gilmours North Shore, 37 Constellation Drive",
			"region": "Auckland",
			"phone": "09 4795435"
		},
		{
			"name": "Gilmours - Mt Roskil",
			"address": "May Road Mt Roskil",
			"region": "Auckland",
			"phone": "09 6210700"
		},
		{
			"name": "Gilmours - Manukau",
			"address": "Gilmours Manukau, 77 Cavendish Drive, Manukau",
			"region": "Auckland",
			"phone": "09 2622 122"
		},
		{
			"name": "Countdown - Auckland Airport",
			"address": "John Goulter Drive Auckland",
			"region": "Auckland",
			"phone": "(09) 256 2128"
		},
		{
			"name": "Countdown - Auckland City",
			"address": "76 Quay Street Auckland City",
			"region": "Auckland",
			"phone": "(09) 275 2567"
		},
		{
			"name": "Countdown - Aviemore Drive",
			"address": "Aviemore Drive, Pakuranga Highway, Pakuranga",
			"region": "Auckland",
			"phone": "(09) 534 7149"
		},
		{
			"name": "Countdown - Birkenhead",
			"address": "33 Birkenhead Avenue, Auckland",
			"region": "Auckland",
			"phone": "(09) 480 0675"
		},
		{
			"name": "Countdown - Botany Downs",
			"address": "475, Ti Rakau Drive, Botany",
			"region": "Auckland",
			"phone": "(09) 255 2386"
		},
		{
			"name": "Countdown - Glenfield",
			"address": "34-38 Downing Street, Glenfield, New Zealand",
			"region": "Auckland",
			"phone": "(09) 444 0400"
		},
		{
			"name": "Countdown - Greenlane",
			"address": "326 Great South Road, Greenlane",
			"region": "Auckland",
			"phone": "(09) 255 2381"
		},
		{
			"name": "Countdown - Grey Lynn",
			"address": "271 Richmond Road, Grey Lynn",
			"region": "Auckland",
			"phone": "(09) 255 2451"
		},
		{
			"name": "countdown - Henderson",
			"address": "7 Catherine Street, Henderson",
			"region": "Auckland",
			"phone": "(09) 255 2477"
		},
		{
			"name": "Countdown - Highland Park",
			"address": "507 Pakuranga Highway, Highland Park, Auckland",
			"region": "Auckland",
			"phone": "(09) 255 2466"
		},
		{
			"name": "Countdown - Howick",
			"address": "35 Cook Street, Howick, Auckland",
			"region": "Auckland",
			"phone": "(09) 255 2399"
		},
		{
			"name": "Countdown - Kelston",
			"address": "Cnr Great North and West Coast Roads Glen Eden",
			"region": "Auckland",
			"phone": "(09) 255 2440"
		},
		{
			"name": "Countdown - Lynfield",
			"address": "570 Hillsborough Road, Lynfield, Auckland",
			"region": "Auckland",
			"phone": "(09) 626 0371"
		},
		{
			"name": "Countdown - Lynnmall",
			"address": "Lynnmall Shopping Centre, Great North Road, Auckland",
			"region": "Auckland",
			"phone": "(09) 827 3352"
		},
		{
			"name": "Countdown - Mairangi Bay",
			"address": "3 Ramsgate Terrace, Mairangi Bay",
			"region": "Auckland",
			"phone": "(09) 255 2392"
		},
		{
			"name": "Countdown - Mangere Mall",
			"address": "Mangere Town Centre, Bader Drive, Mangere",
			"region": "Auckland",
			"phone": "(09) 275 7378"
		},
		{
			"name": "Countdown - Mangere",
			"address": "Cnr Massey and Yates Roads, Mangere, Auckland",
			"region": "Auckland",
			"phone": "(09) 275 6820"
		},
		{
			"name": "Countdown - Manukau",
			"address": "652 Great South Road, Manukau, Auckland",
			"region": "Auckland",
			"phone": "(09) 255 2448"
		},
		{
			"name": "Countdown - Manukau City Mall",
			"address": "Shop 99, Manukau City Centre, Manukau, Auckland",
			"region": "Auckland",
			"phone": "(09) 255 2448"
		},
		{
			"name": "Countdown - Massey",
			"address": "26 Benchmark Drive, Massey, Auckland",
			"region": "Auckland",
			"phone": "(09) 833 9596"
		},
		{
			"name": "Countdown - Meadowbank",
			"address": "35-47 St Johns Road, Meadowbank, Auckland",
			"region": "Auckland",
			"phone": "(09) 255 2383"
		},
		{
			"name": "Countdown - Milford",
			"address": "9A Pierce Road, Milford, Auckland",
			"region": "Auckland",
			"phone": "(09) 255 2445"
		},
		{
			"name": "Countdown - Mt Eden",
			"address": "296k Dominion Road, Mt Eden, Auckland",
			"region": "Auckland",
			"phone": "(09) 255 2406"
		},
		{
			"name": "Countdown - Mt Wellington",
			"address": "238A Mt Wellington Highway, Mt Wellington, Auckland",
			"region": "Auckland",
			"phone": "(09) 255 2449"
		},
		{
			"name": "Countdown - Newmarket",
			"address": "317 Broadway, Newmarket, Auckland",
			"region": "Auckland",
			"phone": "(09) 520 3231"
		},
		{
			"name": "Countdown - Northcote",
			"address": "9 Lake Road, Northcote, Auckland",
			"region": "Auckland",
			"phone": "(09) 480 0361"
		},
		{
			"name": "Countdown - Onehunga",
			"address": "72 Church St, Onehunga, Auckland",
			"region": "Auckland",
			"phone": "(09) 634 3688"
		},
		{
			"name": "Countdown - Orewa",
			"address": "Moenui Avenue, Orewa, Auckland",
			"region": "Auckland",
			"phone": "(09) 421 9300"
		},
		{
			"name": "Countdown - Pakuranga",
			"address": "25 Ti Rakau Drive, Pakuranga, Auckland",
			"region": "Auckland",
			"phone": "(09) 255 2460"
		},
		{
			"name": "Countdown - Papakura",
			"address": "2 Averill Street, Papakura, Auckland",
			"region": "Auckland",
			"phone": "(09) 255 2387"
		},
		{
			"name": "Countdown - Papatoetoe",
			"address": "217 Great South Road, Papatoetoe, Auckland",
			"region": "Auckland",
			"phone": "(09) 277 6409"
		},
		{
			"name": "Countdown - Point Chevalier",
			"address": "13 Point Chevalier Road, Point Chevalier, Auckland",
			"region": "Auckland",
			"phone": "(09) 255 2464"
		},
		{
			"name": "Countdown - Roselands Mall",
			"address": "3 Oshannessey St, Papakura, Auckland",
			"region": "Auckland",
			"phone": "(09) 255 2455"
		},
		{
			"name": "Countdown - Pukekohe",
			"address": "14 Tobin St, Pukekohe, Auckland",
			"region": "Auckland",
			"phone": "(09) 237 0220"
		},
		{
			"name": "Countdown - Pukekohe South",
			"address": "186-192 Manukau Road, Pukekohe, Auckland",
			"region": "Auckland",
			"phone": "(09) 237 3080"
		},
		{
			"name": "Countdown - St Lukes",
			"address": "1 Fowlds Ave, Mount Albert, Auckland",
			"region": "Auckland",
			"phone": "(09) 255 2382"
		},
		{
			"name": "Countdown - Sunnynook",
			"address": "108 Becroft Drive, Sunnynook, Auckland",
			"region": "Auckland",
			"phone": "(09) 255 2470"
		},
		{
			"name": "Countdown - Sylvia Park",
			"address": "300 Mt Wellington Highway, Mt Wellington, Auckland",
			"region": "Auckland",
			"phone": "(09) 255 2397"
		},
		{
			"name": "Countdown - Takanini",
			"address": "228 Great South Road, Takanini, Auckland",
			"region": "Auckland",
			"phone": "(09) 255 2408"
		},
		{
			"name": "Countdown - Te Atatu",
			"address": "583 Te Atatu Road, Te Atatu, Auckland",
			"region": "Auckland",
			"phone": "(09) 834 8580"
		},
		{
			"name": "Countdown - Three Kings",
			"address": "532 Mt Albert Road, Three Kings, Auckland",
			"region": "Auckland",
			"phone": "(09) 625 8135"
		},
		{
			"name": "Countdown - Westgate",
			"address": "8 Westgate Drive, Massey North, Auckland",
			"region": "Auckland",
			"phone": "(09) 255 2479"
		},
		{
			"name": "Countdown - Whangaparaoa",
			"address": "3 McKenzie Ave, Whangaparaoa, Auckland",
			"region": "Auckland",
			"phone": "(09) 424 9222"
		},
		{
			"name": "Countdown - Bayfair",
			"address": "19A Girven Road, Mt Maunganui, Bay of Plenty",
			"region": "Bay of Plenty",
			"phone": "(07) 575 5947"
		},
		{
			"name": "Countdown - Bethlehem",
			"address": "19 Bethlehem Road, Tauranga, Bay of Plenty",
			"region": "Bay of Plenty",
			"phone": "(07) 579 2862"
		},
		{
			"name": "Countdown - Central Mall",
			"address": "Victoria St, Rotorua, Bay of Plenty",
			"region": "Bay of Plenty",
			"phone": "(07) 349 6501"
		},
		{
			"name": "Countdown - Greerton",
			"address": "1368 Cameron Road, Tauranga, Bay of Plenty",
			"region": "Bay of Plenty",
			"phone": "(07) 541 2244"
		},
		{
			"name": "Countdown - Papamoa",
			"address": "14 Gravatt Road, Papamoa, Bay of Plenty",
			"region": "Bay of Plenty",
			"phone": "(07) 572 0170"
		},
		{
			"name": "Countdown - Rotorua",
			"address": "246 Fenton Street, Rotorua, Bay of Plenty",
			"region": "Bay of Plenty",
			"phone": "(07) 350 3277"
		},
		{
			"name": "Countdown - Tauranga",
			"address": "618 Cameron Road, Tauranga, Bay of Plenty",
			"region": "Bay of Plenty",
			"phone": "(07) 578 0055"
		},
		{
			"name": "Countdown - Te Puke",
			"address": "3 Gilmore St, Te Puke, Bay of Plenty",
			"region": "Bay of Plenty",
			"phone": "(07) 573 0058"
		},
		{
			"name": "Countdown - Whakatane",
			"address": "105-125 Commerce Street, Whakatane, Bay of Plenty",
			"region": "Bay of Plenty",
			"phone": "(07) 306 0014"
		},
		{
			"name": "Countdown - Fraser Cove",
			"address": "243 Fraser Street, Tauranga, Bay of Plenty",
			"region": "Bay of Plenty",
			"phone": "(07) 571 0500"
		},
		{
			"name": "Countdown - Gisborne",
			"address": "359 Gladstone Rd, Gisborne",
			"region": "Gisborne",
			"phone": "(06) 868 9073"
		},
		{
			"name": "Countdown - Greymouth",
			"address": "174 Mawhera Quay, Greymouth, West Coast",
			"region": "West Coast",
			"phone": "(03) 769 9210"
		},
		{
			"name": "Countdown - Westport",
			"address": "18 Fonblanque Street, Westport, West Coast",
			"region": "West Coast",
			"phone": "(03) 788 9100"
		},
		{
			"name": "Countdown - Victoria Ave",
			"address": "433 Victoria Avenue, Wanganui",
			"region": "Manawatu",
			"phone": "(06) 349 0070"
		},
		{
			"name": "Countdown - Wanganui",
			"address": "81A Taupo Quay, Wanganui",
			"region": "Manawatu",
			"phone": "(06) 345 8720"
		},
		{
			"name": "Countdown - Carlyle",
			"address": "33 Carlyle Street, Napier, Hawkes Bay",
			"region": "Hawkes Bay",
			"phone": "(06) 835 3643"
		},
		{
			"name": "Countdown - Hastings",
			"address": "200 Market St South, Hastings, Hawkes Bay",
			"region": "Hawkes Bay",
			"phone": "(06) 872 7237"
		},
		{
			"name": "Countdown - Napier",
			"address": "125 Raffles St, Napier, Hawkes Bay",
			"region": "Hawkes Bay",
			"phone": "(06) 834 1401"
		},
		{
			"name": "Countdown - Waipukurau",
			"address": "Ruataniwha Street, Waipukurau, Hawkes Bay",
			"region": "Hawkes Bay",
			"phone": "(06) 858 7999"
		},
		{
			"name": "Countdown - Blenheim",
			"address": "Seymour Street, Blenheim, Marlborough",
			"region": "Marlborough",
			"phone": "(03) 520 6130"
		},
		{
			"name": "Countdown - Redwoodtown",
			"address": "93 Weld Street, Redwoodtown, Blenheim, Marlborough",
			"region": "Marlborough",
			"phone": "(03) 520 6770"
		},
		{
			"name": "Countdown - Springlands",
			"address": "133 Middle Renwick Road, Blenheim, Marlborough",
			"region": "Marlborough",
			"phone": "(03) 520 8490"
		},
		{
			"name": "Countdown - Gore",
			"address": "24 Meadway Street, Gore, Southland",
			"region": "Southland",
			"phone": "(03) 209 0020"
		},
		{
			"name": "Countdown - Invercargill",
			"address": "172 Tay Street, Invercargill, Southland",
			"region": "Southland",
			"phone": "(03) 211 3100"
		},
		{
			"name": "Countdown - Waikiwi",
			"address": "16 Renfrew St, Waikiwi, Southland",
			"region": "Southland",
			"phone": "(03) 211 5190"
		},
		{
			"name": "Countdown - Oamaru",
			"address": "108-116 Thames Street, Oamaru",
			"region": "Tasman",
			"phone": "(03) 433 0419"
		},
		{
			"name": "Countdown - Church St Timaru",
			"address": "129 Church Street, Timaru",
			"region": "Tasman",
			"phone": "(03) 688 3136"
		},
		{
			"name": "Countdown - Timaru",
			"address": "1 Russel Sq, Timaru",
			"region": "Tasman",
			"phone": "(03) 688 9143"
		},
		{
			"name": "Countdown - Masterton",
			"address": "107 Dixon St, Masterton",
			"region": "Tasman",
			"phone": "(06) 377 0050"
		},
		{
			"name": "New World - Te Rapa",
			"address": "751 Te Rapa Road, Hamilton, Waikato",
			"region": "Waikato",
			"phone": "(07) 849 0300"
		},
		{
			"name": "New World - Rototuna",
			"address": "44 Horsham Downs Roads, Rototuna, North East Hamilton, Waikato",
			"region": "Waikato",
			"phone": "(07) 853 0260"
		},
		{
			"name": "PAK'nSAVE - Glen Innes",
			"address": "182 Apirana Ave, Glen Innes, Auckland",
			"region": "Auckland",
			"phone": "(09) 528-4885"
		},
		{
			"name": "Greenways Showroom",
			"address": "4 Domain Road, Panmure",
			"region": "Auckland",
			"phone": "(09) 908 5998"
		}
	]
}